Workbook
Name Spinne1: Analyse!$C$4

Sheet Anleitung
A1: Anleitung zum Fragebogen "Selbstbeurteilung"
A2: Einleitung Sie haben beschlossen, Arbeitssicherheit und Gesundheitsschutz in Ihrem Unternehmen mit dem Projekt "Integrierten Sicherheit" systematisch zu verbessern. Dieser Fragebogen stellt hierbei ein zentrales Werkzeug dar. Er erlaubt es Ihnen, den Stand von Arbeitssicherheit und Gesundheitsschutz in Ihrem Unternehmen zu überprüfen und die für das Projekt notwendigen Informationen zu sammeln. Die folgenden Anmerkungen sollen beim Ausfüllen des Fragebogens behilflich sein.
A3: 1. Struktur des Fragebogens - Tabellenblätter: - Betriebsspiegel - Schlüsselpersonen der Arbeitssicherheit - Selbstbeurteilung Kunde - Übersicht Anhänge (Information)
A4: 2. Struktur der einzelnen Tabellenblätter - Nur Zellen die zum Ausfüllen vorgesehen sind, sind für die Bearbeitung freigeschaltet. - Zellbereiche die ausgefüllt werden müssen, sind zusätzlich grau schattiert. - Alle anderen freigeschalteten Bereiche können bei Bedarf ausgefüllt werden. - Schnelles Springen zwischen freigeschalteten Feldern ist mit der Tabulatorentaste möglich.
A5: 3. Tabellenblatt "Betriebsspiegel" - Ergänzen Sie die Spalte "Eintrag Kunde" mit den gefragten Informationen.
A6: 4. Tabellenblatt "Schlüsselpersonen Sicherheit" - Ergänzen Sie die Spalte "Funktion / Zuständigkeit" mit den im Unternehmen vorhandenen Funktionen. - Füllen Sie die Spalte "Name / Vorname" für sämtliche aufgeführten "Funktionen / Zuständigkeiten" aus, die im Unternehmen existieren.
A7: 5. Tabellenblatt "Selbstbeurteilung Kunde" - Beantworten Sie sämtliche Fragen mit "Ja" oder "Nein", indem Sie das entsprechende Feld mit einem "x" markieren. - Für Kommentare steht die Spalte "Bemerkung Kunde" zur Verfügung. - Bei einigen Fragen kann je nach Antwort auf die Ja/Nein-Frage ein Kommentar zwingend erforderlich sein (Spalte "Bemerkung Kunde" grau schattiert). - Manche Fragen bestehen aus mehreren Teilfragen. - In solchen Fällen ist die Fragestellung jeweils blau hinterlegt.
A8: 6. Anhänge - Bei manchen Fragen im Tabellenblatt "Selbstbeurteilung Kunde" ist ein Anhang als Dokumentation zwingend erforderlich (falls vorhanden). - Die Nummer des jeweiligen Anhangs ist in der Spalte "Anhang erforderlich" eingetragen. - Im Tabellenblatt "Übersicht Anhänge" werden sämtliche Anhangnummern erläutert. - Bei Bedarf können weitere Anhänge beigelegt werden. - Bitte senden Sie uns die Anhänge wenn möglich als PDF zu.
A9: FO.250.d.V14

Sheet Betriebsspiegel
A1: Betriebsspiegel
C2: Eintrag Kunde:
A3: 1. Firmenname | C3: Muster AG
A4: 2. Firmensitz
A5: 3.Gründung
A6: 4. Standorte
A7: 5. Rechtsform
A8: 6. Eigentümer
A9: 7. Organe
A10: 8. Produkte
A11: 9. Kunden
A12: 10. Umwelt- und Qualitätszertifikate
A13: 11. Firmendokumente
A14: 12. Organisationseinheiten des Unternehmens und Anzahl Mitarbeiter in jeder Organisationseinheit
A15: 13. Führungsspanne* in Ihrem Unternehmen *Führungsspanne: Anzahl der direkt untersellten Mitarbeiter eines Vorgesetzten | B15: auf der oberen Führungsebene
B16: auf der mittleren Führungsebene
B17: auf der unteren Führungsebene
A18: 14. Anzahl Mitarbeiter | B18: Geschäftsleitung
B19: Kader
B20: Mitarbeiter
B21: Lehrlinge
B22: Mitarbeiter Total
A23: 15. Tendenzielle Entwicklung Anzahl Mitarbeiter (Zunehmend / Konstant / Abnehmend) | B23: Kaderangehörige
B24: Mitarbeiter
B25: Lehrlinge
B26: Insgesamt
A27: 16. Ausbildungsstatus Mitarbeiter (Anteil in %) | B27: Hochschulabschluss
B28: Höhere Berufsausbildung (FH/TS)
B29: Berufsausbildung
B30: Anlehre
A31: 17. Nationalität der Mitarbeiter
A32: 18. Muttersprache der Mitarbeiter
A33: 19. Gefährdungsschwerpunkte

Sheet Schlüsselpersonen Sicherheit
A1: Schlüsselpersonen der Arbeitssicherheit
A2: Funktion / Zuständigkeit | B2: Name / Vorname
A3: Geschäftsleitung
A14: Abteilungsleiter ( sofern aus beigelegtem Organigramm nicht ersichtlich)
A26: Projektleitung / Projektteam IS
A37: Sicherheitsorganisation
A38: Sicherheitsbeauftragter
A39: Sicherheitsingenieur
A40: Sicherheitsfachmann
A41: Sicherheitsassistent
A42: Ergonomiebeauftragter
A43: Chemikalien-Ansprechperson
A44: Strahlenschutzverantwortlicher
A45: externe ASA-Spezialisten
... A121: Weitere Schlüsselpersonen (bei Bedarf ausfüllen)

Sheet Selbstbeurteilung Kunde
A1: Selbstbeurteilung Kunde
A2: Nr.SB | C2: Beschreibung Frage | D2: Ja | E2: Nein | F2: Bemerkung Kunde | G2: Anhang erforderlich
A3: 1. | B3: Leitbild, Sicherheitsziele und Strategien
B4: Visum Sachbearbeiter Kapitel 1.:
A5: 1.1. | B5: Unternehmensleitbild, Führungsgrundsätze
A6: 1.1.1. | C6: Verfügt das Unternehmen über ein Unternehmensleitbild? | D6: x | G6: 1.A
A7: 1.1.2. | C7: Sind Sicherheit und Gesundheit der Beschäftigten Bestandteil des Unternehmensleitbildes? | E7: x
A8: 1.1.3. | C8: Sind alle Mitarbeiter über den Sinn und die praktischen Konsequenzen des Unternehmensleitbildes informiert, resp. sind die Mitarbeiter „im Bild“? | D8: x | F8: Wir sprechen jedes Jahr darüber.
A9: 1.1.4. | C9: Stimmt das betriebliche Geschehen mit dem Unternehmensleitbild überein?
A10: 1.1.5. | C10: Richtet sich das Führungsverhalten der Vorgesetzten in Ihrem Unternehmen nach bestimmten Führungsgrundsätzen oder Führungsrichtlinien? Wenn ja, nach welchen?
A11: 1.1.6. | C11: Sind Sicherheit und Gesundheitsschutz ein ausdrücklicher Bestandteil der Führungsgrundsätze oder Führungsrichtlinien? | G11: 1.B
A12: 1.1.7. | C12: Hat das Unternehmen die Sicherheitscharta der Suva unterzeichnet?
A13: 1.1.8.a | C13: Ist eines der Folgenden Managementsysteme/Zertifizierungen im Betrieb eingefürt? ISO 9001, ISO 14001, ISO 45001, OHSAS18001 Falls ja, welches?
A14: 1.1.8.b | C14: Sind im Betrieb andere Managementsysteme/Zertifizierungen eingeführt? Falls ja, welche?
A15: 1.2. | B15: Engagement der Geschäftsleitung
A16: 1.2.1. | C16: Werden Sicherheit und Gesundheit von der obersten Geschäftsleitung vorgelebt und mit Forderungen, Entscheidungen, Regelungen und Anweisungen massgebend gefördert?
A17: 1.2.2. | C17: Hat in Ihrer Unternehmen Arbeitssicherheit den gleichen Stellenwert wie Qualität und Produktivität?
A18: 1.2.3. | C18: Spricht die Geschäftsleitung bei Betriebsrundgängen unsichere Zustände und Handlungen an?
A19: 1.2.4. | C19: Besteht für Arbeitssicherheit und Gesundheitsschutz eine Budgetposition?
A20: 1.2.5.a | C20: Unterstützt die Geschäftsleitung die folgenden Aktivitäten im Betrieb: Risikobeurteilungen?
A21: 1.2.5.b | C21: Audits und Kontrollen?
A22: 1.2.5.c | C22: Unfallabklärungen?
A23: 1.2.5.d | C23: Mitarbeiterschulungen am Arbeitsplatz?
A24: 1.2.5.e | C24: Umsetzung von Massnahmen?
A25: 1.2.5.f | C25: Kampagnen zur Arbeitssicherheit?
A26: 1.2.5.g | C26: Kampagnen zur Freizeitsicherheit?
A27: 1.2.5.h | C27: Absenzenmanagement?
A28: 1.2.5.i | C28: Weitere/andere? Falls ja, welche?
A29: 1.3. | B29: Engagement der Linienvorgesetzten
A30: 1.3.1.a | C30: Wird Sicherheit und Gesundheit von den Linienvorgesetzten gefördert durch: Vorleben der Sicherheitsvorschriften (z.B. Tragen von persönlicher Schutzausrüstung (PSA))?
A31: 1.3.1.b | C31: Durchsetzen von Sicherheitsvorschriften?
A32: 1.3.1.c | C32: Weitere/andere Verhaltensweisen und Anreize? Falls ja, welche?
A33: 1.3.2.a | C33: Engagieren sich die Linienvorgesetzten für Sicherheit und Gesundheit der Beschäftigten, indem sie die folgenden Aktivitäten durchführen: Risikobeurteilungen?
A34: 1.3.2.b | C34: Audits/Kontrollen?
A35: 1.3.2.c | C35: Unfallabklärungen?
A36: 1.3.2.d | C36: Mitarbeiterschulungen am Arbeitsplatz?
A37: 1.3.2.e | C37: Kampagnen für Arbeitssicherheit?
A38: 1.3.2.f | C38: Kampagnen für Freizeitsicherheit?
A39: 1.3.2.g | C39: Absenzenmanagement?
A40: 1.3.2.h | C40: Weitere/andere? Falls ja, welche?
A41: 1.3.3 | C41: Kennen die Linienvorgesetzten Pflichten und Rechte, die sich aus gesetzlichen Anforderungen bezüglich Sicherheit und Gesundheit ergeben?
A42: 1.4. | B42: Sicherheitsziele
A43: 1.4.1.a | C43: Bestehen messbare Ziele in Bezug auf die Begrenzung der Häufigkeiten* der folgenden Ereignisse: *Häufigkeit: Anzahl Ereignisse im Verhältnis zur produktiven Arbeitszeit oder Anzahl Ereignisse im Verhältnis zur Anzahl der Vollbeschäftigten während einer bestimmten Periode. Berufsunfälle/Berufskrankheiten? | G43: 1.C
A44: 1.4.1.b | C44: Nichtberufsunfälle?
A45: 1.4.1.c | C45: Krankheiten?
A46: 1.4.1.d | C46: Sachschäden?
A47: 1.4.1.e | C47: Störungen?
A48: 1.4.1.f | C48: Andere Ereignisse? Falls ja, welche Ereignisse?
A49: 1.4.2.a | C49: Bestehen messbare Ziele in Bezug auf die Begrenzung von Ausfallzeiten die durch die folgenden Ereignisse verursacht werden: Berufsunfälle/Berufskrankheiten
A50: 1.4.2.b | C50: Nichtberufsunfälle?
A51: 1.4.2.c | C51: Krankheiten?
A52: 1.4.2.d | C52: Andere Ereignisse? Falls ja, welche Ereignisse?
A53: 1.4.3. | C53: Beziehen sich Ihre Sicherheits- und Gesundheitsziele auf das ganze Unternehmen?
A54: 1.4.4. | C54: Beziehen sich Ihre Sicherheits- und Gesundheitsziele auf einzelne Organisationseinheiten?
A55: 1.4.5. | C55: Verfügen Sie über Vergleichsmöglichkeiten mit den Zahlen Ihrer Branche oder vergleichbarer Unternehmen? Wenn ja, welche?
A56: 1.5. | B56: Zielbildung, Controlling und Strategie
A57: 1.5.1. | C57: Gibt es einen definierten Prozess für die Festlegung der Sicherheitsziele?
A58: 1.5.2. | C58: Enthalten die Ziele auch die Verpflichtung zur kontinuierlichen Verbesserung des Sicherheitssystems?
A59: 1.5.3. | C59: Werden Beschäftigte oder deren Vertretungen in den Zielbildungsprozess für die Sicherheitsziele einbezogen?
A60: 1.5.4. | C60: Werden Zielabweichungen für das ganze Unternehmen durch eine zweckmässige Ereignisüberwachung bzw. ein Controlling frühzeitig festgestellt?
A61: 1.5.5. | C61: Werden Zielabweichungen für einzelne Organisationseinheiten durch eine zweckmässige Ereignisüberwachung bzw. ein Controlling frühzeitig festgestellt?
A62: 1.5.6. | C62: Werden beim Nichterreichen von Sicherheitszielen entsprechende Konsequenzen gezogen und die notwendigen Korrekturmassnahmen eingeleitet? Wenn ja, welche Konsequenzen?
A63: 1.5.7. | C63: Verfügen Sie über eine Sicherheitsstrategie um Ihre Sicherheitsziele zu erreichen (z.B. mittelfristig ausgelegte Massnahmenpakete, zukünftige Trends, Anforderungen und Erwartungen interessierter Parteien)? Wenn ja, welche?
A65: 2. | B65: Organisation
B66: Visum Sachbearbeiter Kapitel 2.:
A67: 2.1. | B67: Betriebsorganisation
A68: 2.1.1 | C68: Organisationsform
A69: 2.1.1.1.a | C69: Welche Form der Aufbauorganisation besteht in Ihrem Unternehmen: Linienorganisation? | G69: 2.A
A70: 2.1.1.2.b | C70: Linien-Stab-Organisation?
A71: 2.1.1.2.c | C71: Funktionale Organisation?
A72: 2.1.1.2.d | C72: Matrixorganisation?
A73: 2.1.1.2.e | C73: Projektorganisation?
A74: 2.1.1.2.f | C74: Andere Organisationsform? Wenn ja, welche?
A75: 2.1.2. | C75: Aufgaben, Kompetenzen, Verantwortung
A76: 2.1.2.1. | C76: Ist die Zuständigkeit und Verantwortlichkeit für die Sicherheit und Gesundheit der Mitarbeitenden schriftlich geregelt?
A77: 2.1.2.2.a | C77: Verfügt Ihr Unternehmen über Organisationsdokumente wie: Stellenbeschreibungen? | G77: 2.B, 2.C, 2.D
A78: 2.1.2.2.b | C78: Pflichtenhefte?
A79: 2.1.2.2.c | C79: Funktionsdiagramme?
A80: 2.1.2.2.d | C80: Reglemente? | G80: 2.E
A81: 2.1.2.2.e | C81: Einzelarbeitsverträge?
A82: 2.1.2.2.f | C82: Gesamtarbeitsverträge?
A83: 2.1.2.2.g | C83: Werkverträge?
A84: 2.1.2.2.h | C84: Andere Organisationsdokumente? Wenn ja, welche?
A85: 2.1.2.3.a | C85: Sind Aufgaben, Kompetenzen, Verantwortlichkeit (Pflichten und Rechte) bezüglich Sicherheit und Gesundheit Bestandteil von: Stellenbeschreibungen?
A86: 2.1.2.3.b | C86: Pflichtenheften? | G86: 2.F
A87: 2.1.2.3.c | C87: Funktionsdiagrammen?
A88: 2.1.2.3.d | C88: Reglementen?
A89: 2.1.2.3.e | C89: Einzelarbeitsverträgen?
A90: 2.1.2.3.f | C90: Gesamtarbeitsverträgen?
A91: 2.1.2.3.g | C91: Werkverträgen?
A92: 2.1.2.3.h | C92: Anderen Organisationsdokumenten? Wenn ja, von welchen?
A93: 2.1.3. | C93: Arbeitsplanung und -organisation
A94: 2.1.3.1.a | C94: Wird die Planung, Kalkulation, Organisation und Vorbereitung von Arbeitsaufträgen durchgeführt von: Linienvorgesetzten?
A95: 2.1.3.1.b | C95: Projektteams?
A96: 2.1.3.1.c | C96: Einer speziellen Organisationseinheit (AVOR)?
A97: 2.1.3.1.d | C97: Anderen/weiteren Organen/Personen? Wenn ja, von welchen Organen/Personen?
A98: 2.1.3.2. | C98: Werden in der Phase der Planung, Organisation und Vorbereitung Aspekte der Arbeitssicherheit und des Gesundheitsschutzes berücksichtigt?
... A103: 2.1.3.7. | C103: Werden Arbeitsaufträge in schriftlicher Form erteilt und dokumentiert?
A104: 2.1.3.8. | C104: Enthalten schriftliche Arbeitsanweisungen Hinweise auf Sicherheits- und Gesundheitsschutzmassnahmen? | G104: 2.G
A105: 2.1.4. | C105: Betriebsordnung
...

Sheet Übersicht Anhänge
A1: Erforderliche Anhänge (falls vorhanden) Bitte senden Sie uns die Anhänge wenn möglich als PDF zu.
A2: Anhang Nr. | B2: Beschreibung
A3: 1.A | B3: Leitbild und Sicherheitsleitbild des Unternehmens
A4: 1.B | B4: Führungsgrundsätze des Unternehmens
A5: 1.C | B5: Schriftliche Definition der Sicherheitsziele des Unternehmens
A6: 2.A | B6: Organigramme des Unternehmens
A7: 2.B | B7: Stellenbeschreibung für Führungspositionen
A8: 2.C | B8: Stellenbeschreibung für Position ohne Führungsaufgaben
A9: 2.D | B9: Stellenbeschreibung für Sicherheitsbeauftragte
A10: 2.E | B10: Mitarbeitendenreglement des Unternehmens
A11: 2.F | B11: Weitere Organisationsdokumente die Aufgaben, Pflichten und Kompetenzen bezüglich Sicherheit und Gesundheit regeln
A12: 2.G | B12: Beispiel einer schriftlichen Arbeitsanweisung
A13: 2.H | B13: Betriebsordnung des Unternehmens
... A43: 11.B | B43: Ziele, Führungskennzahlen im Absenzenmanagement

Sheet Analyse
A1: Firma | B1: =Betriebsspiegel!C3 -> Muster AG | C1: Datum | E1: Nr.
A2: Analyse und Bewertung für Selbstbeuteilung und Ist-Aufnahme | C2: Antwort Kunde | F2: Interviewpartner | L2: Bewertung Suva | M2: Berechnung für Diagramm
C3: ja / nein | D3: * | E3: Bemerkungen des Kunden | F3: GL | G3: Führung | H3: HR | I3: Si Org | J3: VG | K3: MA | L3: Erfüllungsgrad in Prozent | M3: Gewicht | N3: max Punktzahl | O3: Punkte Selbst | P3: Punkte Suva | Q3: Level 1 Selbst | R3: Level 1 Suva
A4: 1 | B4: ='Selbstbeurteilung Kunde'!B3 -> Leitbild, Sicherheitsziele und Strategien | C4: =O4/N4 -> 0.035294118 | L4: =P4/N4 -> 0 | N4: =SUM(M5,M15,M29,M42,M56) -> 17 | O4: =SUM(Q5:Q63) -> 0.6 | P4: =SUM(R5:R63) -> 0
A5: ='Selbstbeurteilung Kunde'!A5 -> 1.1. | B5: ='Selbstbeurteilung Kunde'!B5 -> Unternehmensleitbild, Führungsgrundsätze | C5: =O5/N5 -> 0.2 | L5: =P5/N5 -> 0 | M5: 3 | N5: =SUM(M6:M14) -> 25 | O5: =SUM(O6:O14) -> 5 | P5: =SUM(P6:P14) -> 0 | Q5: =O5/$N5*$M5 -> 0.6 | R5: =P5/$N5*$M5 -> 0
A6: ='Selbstbeurteilung Kunde'!A6 -> 1.1.1. | B6: ='Selbstbeurteilung Kunde'!C6 -> Verfügt das Unternehmen über ein Unternehmensleitbild? | D6: =IF(AND('Selbstbeurteilung Kunde'!D6="",'Selbstbeurteilung Kunde'!E6=""),"*","") | E6: =IF(ISBLANK('Selbstbeurteilung Kunde'!F6),"",'Selbstbeurteilung Kunde'!F6) | M6: 3 | O6: =C6*M6 -> 0 | P6: =L6*M6 -> 0
A7: ='Selbstbeurteilung Kunde'!A7 -> 1.1.2. | B7: ='Selbstbeurteilung Kunde'!C7 -> Sind Sicherheit und Gesundheit der Beschäftigten Bestandteil des Unternehmensleitbildes? | C7: 0 | D7: =IF(AND('Selbstbeurteilung Kunde'!D7="",'Selbstbeurteilung Kunde'!E7=""),"*","") | E7: =IF(ISBLANK('Selbstbeurteilung Kunde'!F7),"",'Selbstbeurteilung Kunde'!F7) | M7: 4 | O7: =C7*M7 -> 0 | P7: =L7*M7 -> 0
A8: ='Selbstbeurteilung Kunde'!A8 -> 1.1.3. | B8: ='Selbstbeurteilung Kunde'!C8 -> Sind alle Mitarbeiter über den Sinn und die praktischen Konsequenzen des Unternehmensleitbildes informiert, resp. sind die Mitarbeiter „im Bild“? | C8: =IF(ISBLANK('Selbstbeurteilung Kunde'!D8),0,1) -> 1 | D8: =IF(AND('Selbstbeurteilung Kunde'!D8="",'Selbstbeurteilung Kunde'!E8=""),"*","") | E8: =IF(ISBLANK('Selbstbeurteilung Kunde'!F8),"",'Selbstbeurteilung Kunde'!F8) -> Wir sprechen jedes Jahr darüber. | M8: 5 | O8: =C8*M8 -> 5 | P8: =L8*M8 -> 0
A9: ='Selbstbeurteilung Kunde'!A9 -> 1.1.4. | B9: ='Selbstbeurteilung Kunde'!C9 -> Stimmt das betriebliche Geschehen mit dem Unternehmensleitbild überein? | C9: =IF(ISBLANK('Selbstbeurteilung Kunde'!D9),0,1) -> 0 | D9: =IF(AND('Selbstbeurteilung Kunde'!D9="",'Selbstbeurteilung Kunde'!E9=""),"*","") -> * | E9: =IF(ISBLANK('Selbstbeurteilung Kunde'!F9),"",'Selbstbeurteilung Kunde'!F9) | M9: 5 | O9: =C9*M9 -> 0 | P9: =L9*M9 -> 0
A10: ='Selbstbeurteilung Kunde'!A10 -> 1.1.5. | B10: ='Selbstbeurteilung Kunde'!C10 -> Richtet sich das Führungsverhalten der Vorgesetzten in Ihrem Unternehmen nach bestimmten Führungsgrundsätzen oder Führungsrichtlinien? Wenn ja, nach welchen? | C10: =IF(ISBLANK('Selbstbeurteilung Kunde'!D10),0,1) -> 0 | D10: =IF(AND('Selbstbeurteilung Kunde'!D10="",'Selbstbeurteilung Kunde'!E10=""),"*","") -> * | E10: =IF(ISBLANK('Selbstbeurteilung Kunde'!F10),"",'Selbstbeurteilung Kunde'!F10) | M10: 0 | O10: =C10*M10 -> 0 | P10: =L10*M10 -> 0
A11: ='Selbstbeurteilung Kunde'!A11 -> 1.1.6. | B11: ='Selbstbeurteilung Kunde'!C11 -> Sind Sicherheit und Gesundheitsschutz ein ausdrücklicher Bestandteil der Führungsgrundsätze oder Führungsrichtlinien? | C11: =IF(ISBLANK('Selbstbeurteilung Kunde'!D11),0,1) -> 0 | D11: =IF(AND('Selbstbeurteilung Kunde'!D11="",'Selbstbeurteilung Kunde'!E11=""),"*","") -> * | E11: =IF(ISBLANK('Selbstbeurteilung Kunde'!F11),"",'Selbstbeurteilung Kunde'!F11) | M11: 3 | O11: =C11*M11 -> 0 | P11: =L11*M11 -> 0
A12: ='Selbstbeurteilung Kunde'!A12 -> 1.1.7. | B12: ='Selbstbeurteilung Kunde'!C12 -> Hat das Unternehmen die Sicherheitscharta der Suva unterzeichnet? | C12: =IF(ISBLANK('Selbstbeurteilung Kunde'!D12),0,1) -> 0 | D12: =IF(AND('Selbstbeurteilung Kunde'!D12="",'Selbstbeurteilung Kunde'!E12=""),"*","") -> * | E12: =IF(ISBLANK('Selbstbeurteilung Kunde'!F12),"",'Selbstbeurteilung Kunde'!F12) | M12: 2 | O12: =C12*M12 -> 0 | P12: =L12*M12 -> 0
A13: ='Selbstbeurteilung Kunde'!A13 -> 1.1.8.a | B13: ='Selbstbeurteilung Kunde'!C13 -> Ist eines der Folgenden Managementsysteme/Zertifizierungen im Betrieb eingefürt? ISO 9001, ISO 14001, ISO 45001, OHSAS18001 Falls ja, welches? | C13: =IF(ISBLANK('Selbstbeurteilung Kunde'!D13),0,1) -> 0 | D13: =IF(AND('Selbstbeurteilung Kunde'!D13="",'Selbstbeurteilung Kunde'!E13=""),"*","") -> * | E13: =IF(ISBLANK('Selbstbeurteilung Kunde'!F13),"",'Selbstbeurteilung Kunde'!F13) | M13: 3 | O13: =C13*M13 -> 0 | P13: =L13*M13 -> 0
A14: ='Selbstbeurteilung Kunde'!A14 -> 1.1.8.b | B14: ='Selbstbeurteilung Kunde'!C14 -> Sind im Betrieb andere Managementsysteme/Zertifizierungen eingeführt? Falls ja, welche? | C14: =IF(ISBLANK('Selbstbeurteilung Kunde'!D14),0,1) -> 0 | D14: =IF(AND('Selbstbeurteilung Kunde'!D14="",'Selbstbeurteilung Kunde'!E14=""),"*","") -> * | E14: =IF(ISBLANK('Selbstbeurteilung Kunde'!F14),"",'Selbstbeurteilung Kunde'!F14) | M14: 0 | O14: =C14*M14 -> 0 | P14: =L14*M14 -> 0
A15: ='Selbstbeurteilung Kunde'!A15 -> 1.2. | B15: ='Selbstbeurteilung Kunde'!B15 -> Engagement der Geschäftsleitung | C15: =O15/N15 -> 0 | L15: =P15/N15 -> 0 | M15: 5 | N15: =SUM(M16:M28) -> 14 | O15: =SUM(O16:O28) -> 0 | P15: =SUM(P16:P28) -> 0 | Q15: =O15/$N15*$M15 -> 0 | R15: =P15/$N15*$M15 -> 0
A16: ='Selbstbeurteilung Kunde'!A16 -> 1.2.1. | B16: ='Selbstbeurteilung Kunde'!C16 -> Werden Sicherheit und Gesundheit von der obersten Geschäftsleitung vorgelebt und mit Forderungen, Entscheidungen, Regelungen und Anweisungen massgebend gefördert? | C16: =IF(ISBLANK('Selbstbeurteilung Kunde'!D16),0,1) -> 0 | D16: =IF(AND('Selbstbeurteilung Kunde'!D16="",'Selbstbeurteilung Kunde'!E16=""),"*","") -> * | E16: =IF(ISBLANK('Selbstbeurteilung Kunde'!F16),"",'Selbstbeurteilung Kunde'!F16) | M16: 5 | O16: =M16*C16 -> 0 | P16: =L16*M16 -> 0
A17: ='Selbstbeurteilung Kunde'!A17 -> 1.2.2. | B17: ='Selbstbeurteilung Kunde'!C17 -> Hat in Ihrer Unternehmen Arbeitssicherheit den gleichen Stellenwert wie Qualität und Produktivität? | C17: =IF(ISBLANK('Selbstbeurteilung Kunde'!D17),0,1) -> 0 | D17: =IF(AND('Selbstbeurteilung Kunde'!D17="",'Selbstbeurteilung Kunde'!E17=""),"*","") -> * | E17: =IF(ISBLANK('Selbstbeurteilung Kunde'!F17),"",'Selbstbeurteilung Kunde'!F17) | M17: 5 | O17: =M17*C17 -> 0 | P17: =L17*M17 -> 0
A18: ='Selbstbeurteilung Kunde'!A18 -> 1.2.3. | B18: ='Selbstbeurteilung Kunde'!C18 -> Spricht die Geschäftsleitung bei Betriebsrundgängen unsichere Zustände und Handlungen an? | C18: =IF(ISBLANK('Selbstbeurteilung Kunde'!D18),0,1) -> 0 | D18: =IF(AND('Selbstbeurteilung Kunde'!D18="",'Selbstbeurteilung Kunde'!E18=""),"*","") -> * | E18: =IF(ISBLANK('Selbstbeurteilung Kunde'!F18),"",'Selbstbeurteilung Kunde'!F18) | M18: 3 | O18: =M18*C18 -> 0 | P18: =L18*M18 -> 0
A19: ='Selbstbeurteilung Kunde'!A19 -> 1.2.4. | B19: ='Selbstbeurteilung Kunde'!C19 -> Besteht für Arbeitssicherheit und Gesundheitsschutz eine Budgetposition? | C19: =IF(ISBLANK('Selbstbeurteilung Kunde'!D19),0,1) -> 0 | D19: =IF(AND('Selbstbeurteilung Kunde'!D19="",'Selbstbeurteilung Kunde'!E19=""),"*","") -> * | E19: =IF(ISBLANK('Selbstbeurteilung Kunde'!F19),"",'Selbstbeurteilung Kunde'!F19) | M19: 1 | O19: =M19*C19 -> 0 | P19: =L19*M19 -> 0
A20: ='Selbstbeurteilung Kunde'!A20 -> 1.2.5.a | B20: ='Selbstbeurteilung Kunde'!C20 -> Unterstützt die Geschäftsleitung die folgenden Aktivitäten im Betrieb: Risikobeurteilungen? | C20: =IF(ISBLANK('Selbstbeurteilung Kunde'!D20),0,1) -> 0 | D20: =IF(AND('Selbstbeurteilung Kunde'!D20="",'Selbstbeurteilung Kunde'!E20=""),"*","") -> * | E20: =IF(ISBLANK('Selbstbeurteilung Kunde'!F20),"",'Selbstbeurteilung Kunde'!F20) | M20: 0 | O20: =M20*C20 -> 0 | P20: =L20*M20 -> 0
A21: ='Selbstbeurteilung Kunde'!A21 -> 1.2.5.b | B21: ='Selbstbeurteilung Kunde'!C21 -> Audits und Kontrollen? | C21: =IF(ISBLANK('Selbstbeurteilung Kunde'!D21),0,1) -> 0 | D21: =IF(AND('Selbstbeurteilung Kunde'!D21="",'Selbstbeurteilung Kunde'!E21=""),"*","") -> * | E21: =IF(ISBLANK('Selbstbeurteilung Kunde'!F21),"",'Selbstbeurteilung Kunde'!F21) | M21: 0 | O21: =M21*C21 -> 0 | P21: =L21*M21 -> 0
A22: ='Selbstbeurteilung Kunde'!A22 -> 1.2.5.c | B22: ='Selbstbeurteilung Kunde'!C22 -> Unfallabklärungen? | C22: =IF(ISBLANK('Selbstbeurteilung Kunde'!D22),0,1) -> 0 | D22: =IF(AND('Selbstbeurteilung Kunde'!D22="",'Selbstbeurteilung Kunde'!E22=""),"*","") -> * | E22: =IF(ISBLANK('Selbstbeurteilung Kunde'!F22),"",'Selbstbeurteilung Kunde'!F22) | M22: 0 | O22: =M22*C22 -> 0 | P22: =L22*M22 -> 0
A23: ='Selbstbeurteilung Kunde'!A23 -> 1.2.5.d | B23: ='Selbstbeurteilung Kunde'!C23 -> Mitarbeiterschulungen am Arbeitsplatz? | C23: =IF(ISBLANK('Selbstbeurteilung Kunde'!D23),0,1) -> 0 | D23: =IF(AND('Selbstbeurteilung Kunde'!D23="",'Selbstbeurteilung Kunde'!E23=""),"*","") -> * | E23: =IF(ISBLANK('Selbstbeurteilung Kunde'!F23),"",'Selbstbeurteilung Kunde'!F23) | M23: 0 | O23: =M23*C23 -> 0 | P23: =L23*M23 -> 0
A24: ='Selbstbeurteilung Kunde'!A24 -> 1.2.5.e | B24: ='Selbstbeurteilung Kunde'!C24 -> Umsetzung von Massnahmen? | C24: =IF(ISBLANK('Selbstbeurteilung Kunde'!D24),0,1) -> 0 | D24: =IF(AND('Selbstbeurteilung Kunde'!D24="",'Selbstbeurteilung Kunde'!E24=""),"*","") -> * | E24: =IF(ISBLANK('Selbstbeurteilung Kunde'!F24),"",'Selbstbeurteilung Kunde'!F24) | M24: 0 | O24: =M24*C24 -> 0 | P24: =L24*M24 -> 0
A25: ='Selbstbeurteilung Kunde'!A25 -> 1.2.5.f | B25: ='Selbstbeurteilung Kunde'!C25 -> Kampagnen zur Arbeitssicherheit? | C25: =IF(ISBLANK('Selbstbeurteilung Kunde'!D25),0,1) -> 0 | D25: =IF(AND('Selbstbeurteilung Kunde'!D25="",'Selbstbeurteilung Kunde'!E25=""),"*","") -> * | E25: =IF(ISBLANK('Selbstbeurteilung Kunde'!F25),"",'Selbstbeurteilung Kunde'!F25) | M25: 0 | O25: =M25*C25 -> 0 | P25: =L25*M25 -> 0
A26: ='Selbstbeurteilung Kunde'!A26 -> 1.2.5.g | B26: ='Selbstbeurteilung Kunde'!C26 -> Kampagnen zur Freizeitsicherheit? | C26: =IF(ISBLANK('Selbstbeurteilung Kunde'!D26),0,1) -> 0 | D26: =IF(AND('Selbstbeurteilung Kunde'!D26="",'Selbstbeurteilung Kunde'!E26=""),"*","") -> * | E26: =IF(ISBLANK('Selbstbeurteilung Kunde'!F26),"",'Selbstbeurteilung Kunde'!F26) | M26: 0 | O26: =M26*C26 -> 0 | P26: =L26*M26 -> 0
A27: ='Selbstbeurteilung Kunde'!A27 -> 1.2.5.h | B27: ='Selbstbeurteilung Kunde'!C27 -> Absenzenmanagement? | C27: =IF(ISBLANK('Selbstbeurteilung Kunde'!D27),0,1) -> 0 | D27: =IF(AND('Selbstbeurteilung Kunde'!D27="",'Selbstbeurteilung Kunde'!E27=""),"*","") -> * | E27: =IF(ISBLANK('Selbstbeurteilung Kunde'!F27),"",'Selbstbeurteilung Kunde'!F27) | M27: 0 | O27: =M27*C27 -> 0 | P27: =L27*M27 -> 0
A28: ='Selbstbeurteilung Kunde'!A28 -> 1.2.5.i | B28: ='Selbstbeurteilung Kunde'!C28 -> Weitere/andere? Falls ja, welche? | C28: =IF(ISBLANK('Selbstbeurteilung Kunde'!D28),0,1) -> 0 | D28: =IF(AND('Selbstbeurteilung Kunde'!D28="",'Selbstbeurteilung Kunde'!E28=""),"*","") -> * | E28: =IF(ISBLANK('Selbstbeurteilung Kunde'!F28),"",'Selbstbeurteilung Kunde'!F28) | M28: 0 | O28: =M28*C28 -> 0 | P28: =L28*M28 -> 0
A29: ='Selbstbeurteilung Kunde'!A29 -> 1.3. | B29: ='Selbstbeurteilung Kunde'!B29 -> Engagement der Linienvorgesetzten | C29: =O29/N29 -> 0 | L29: =P29/N29 -> 0 | M29: 5 | N29: =SUM(M30:M41) -> 21 | O29: =SUM(O30:O41) -> 0 | P29: =SUM(P30:P41) -> 0 | Q29: =O29/$N29*$M29 -> 0 | R29: =P29/$N29*$M29 -> 0
A30: ='Selbstbeurteilung Kunde'!A30 -> 1.3.1.a | B30: ='Selbstbeurteilung Kunde'!C30 -> Wird Sicherheit und Gesundheit von den Linienvorgesetzten gefördert durch: Vorleben der Sicherheitsvorschriften (z.B. Tragen von persönlicher Schutzausrüstung (PSA))? | C30: =IF(ISBLANK('Selbstbeurteilung Kunde'!D30),0,1) -> 0 | D30: =IF(AND('Selbstbeurteilung Kunde'!D30="",'Selbstbeurteilung Kunde'!E30=""),"*","") -> * | E30: =IF(ISBLANK('Selbstbeurteilung Kunde'!F30),"",'Selbstbeurteilung Kunde'!F30) | M30: 5 | O30: =M30*C30 -> 0 | P30: =L30*M30 -> 0
A31: ='Selbstbeurteilung Kunde'!A31 -> 1.3.1.b | B31: ='Selbstbeurteilung Kunde'!C31 -> Durchsetzen von Sicherheitsvorschriften? | C31: =IF(ISBLANK('Selbstbeurteilung Kunde'!D31),0,1) -> 0 | D31: =IF(AND('Selbstbeurteilung Kunde'!D31="",'Selbstbeurteilung Kunde'!E31=""),"*","") -> * | E31: =IF(ISBLANK('Selbstbeurteilung Kunde'!F31),"",'Selbstbeurteilung Kunde'!F31) | M31: 5 | O31: =M31*C31 -> 0 | P31: =L31*M31 -> 0
A32: ='Selbstbeurteilung Kunde'!A32 -> 1.3.1.c | B32: ='Selbstbeurteilung Kunde'!C32 -> Weitere/andere Verhaltensweisen und Anreize? Falls ja, welche? | C32: =IF(ISBLANK('Selbstbeurteilung Kunde'!D32),0,1) -> 0 | D32: =IF(AND('Selbstbeurteilung Kunde'!D32="",'Selbstbeurteilung Kunde'!E32=""),"*","") -> * | E32: =IF(ISBLANK('Selbstbeurteilung Kunde'!F32),"",'Selbstbeurteilung Kunde'!F32) | M32: 0 | O32: =M32*C32 -> 0 | P32: =L32*M32 -> 0
A33: ='Selbstbeurteilung Kunde'!A33 -> 1.3.2.a | B33: ='Selbstbeurteilung Kunde'!C33 -> Engagieren sich die Linienvorgesetzten für Sicherheit und Gesundheit der Beschäftigten, indem sie die folgenden Aktivitäten durchführen: Risikobeurteilungen? | C33: =IF(ISBLANK('Selbstbeurteilung Kunde'!D33),0,1) -> 0 | D33: =IF(AND('Selbstbeurteilung Kunde'!D33="",'Selbstbeurteilung Kunde'!E33=""),"*","") -> * | E33: =IF(ISBLANK('Selbstbeurteilung Kunde'!F33),"",'Selbstbeurteilung Kunde'!F33) | M33: 0 | O33: =M33*C33 -> 0 | P33: =L33*M33 -> 0
A34: ='Selbstbeurteilung Kunde'!A34 -> 1.3.2.b | B34: ='Selbstbeurteilung Kunde'!C34 -> Audits/Kontrollen? | C34: =IF(ISBLANK('Selbstbeurteilung Kunde'!D34),0,1) -> 0 | D34: =IF(AND('Selbstbeurteilung Kunde'!D34="",'Selbstbeurteilung Kunde'!E34=""),"*","") -> * | E34: =IF(ISBLANK('Selbstbeurteilung Kunde'!F34),"",'Selbstbeurteilung Kunde'!F34) | M34: 2 | O34: =M34*C34 -> 0 | P34: =L34*M34 -> 0
A35: ='Selbstbeurteilung Kunde'!A35 -> 1.3.2.c | B35: ='Selbstbeurteilung Kunde'!C35 -> Unfallabklärungen? | C35: =IF(ISBLANK('Selbstbeurteilung Kunde'!D35),0,1) -> 0 | D35: =IF(AND('Selbstbeurteilung Kunde'!D35="",'Selbstbeurteilung Kunde'!E35=""),"*","") -> * | E35: =IF(ISBLANK('Selbstbeurteilung Kunde'!F35),"",'Selbstbeurteilung Kunde'!F35) | M35: 2 | O35: =M35*C35 -> 0 | P35: =L35*M35 -> 0
A36: ='Selbstbeurteilung Kunde'!A36 -> 1.3.2.d | B36: ='Selbstbeurteilung Kunde'!C36 -> Mitarbeiterschulungen am Arbeitsplatz? | C36: =IF(ISBLANK('Selbstbeurteilung Kunde'!D36),0,1) -> 0 | D36: =IF(AND('Selbstbeurteilung Kunde'!D36="",'Selbstbeurteilung Kunde'!E36=""),"*","") -> * | E36: =IF(ISBLANK('Selbstbeurteilung Kunde'!F36),"",'Selbstbeurteilung Kunde'!F36) | M36: 2 | O36: =M36*C36 -> 0 | P36: =L36*M36 -> 0
A37: ='Selbstbeurteilung Kunde'!A37 -> 1.3.2.e | B37: ='Selbstbeurteilung Kunde'!C37 -> Kampagnen für Arbeitssicherheit? | C37: =IF(ISBLANK('Selbstbeurteilung Kunde'!D37),0,1) -> 0 | D37: =IF(AND('Selbstbeurteilung Kunde'!D37="",'Selbstbeurteilung Kunde'!E37=""),"*","") -> * | E37: =IF(ISBLANK('Selbstbeurteilung Kunde'!F37),"",'Selbstbeurteilung Kunde'!F37) | M37: 0 | O37: =M37*C37 -> 0 | P37: =L37*M37 -> 0
A38: ='Selbstbeurteilung Kunde'!A38 -> 1.3.2.f | B38: ='Selbstbeurteilung Kunde'!C38 -> Kampagnen für Freizeitsicherheit? | C38: =IF(ISBLANK('Selbstbeurteilung Kunde'!D38),0,1) -> 0 | D38: =IF(AND('Selbstbeurteilung Kunde'!D38="",'Selbstbeurteilung Kunde'!E38=""),"*","") -> * | E38: =IF(ISBLANK('Selbstbeurteilung Kunde'!F38),"",'Selbstbeurteilung Kunde'!F38) | M38: 0 | O38: =M38*C38 -> 0 | P38: =L38*M38 -> 0
A39: ='Selbstbeurteilung Kunde'!A39 -> 1.3.2.g | B39: ='Selbstbeurteilung Kunde'!C39 -> Absenzenmanagement? | C39: =IF(ISBLANK('Selbstbeurteilung Kunde'!D39),0,1) -> 0 | D39: =IF(AND('Selbstbeurteilung Kunde'!D39="",'Selbstbeurteilung Kunde'!E39=""),"*","") -> * | E39: =IF(ISBLANK('Selbstbeurteilung Kunde'!F39),"",'Selbstbeurteilung Kunde'!F39) | M39: 2 | O39: =M39*C39 -> 0 | P39: =L39*M39 -> 0
A40: ='Selbstbeurteilung Kunde'!A40 -> 1.3.2.h | B40: ='Selbstbeurteilung Kunde'!C40 -> Weitere/andere? Falls ja, welche? | C40: =IF(ISBLANK('Selbstbeurteilung Kunde'!D40),0,1) -> 0 | D40: =IF(AND('Selbstbeurteilung Kunde'!D40="",'Selbstbeurteilung Kunde'!E40=""),"*","") -> * | E40: =IF(ISBLANK('Selbstbeurteilung Kunde'!F40),"",'Selbstbeurteilung Kunde'!F40) | M40: 0 | O40: =M40*C40 -> 0 | P40: =L40*M40 -> 0
A41: ='Selbstbeurteilung Kunde'!A41 -> 1.3.3 | B41: ='Selbstbeurteilung Kunde'!C41 -> Kennen die Linienvorgesetzten Pflichten und Rechte, die sich aus gesetzlichen Anforderungen bezüglich Sicherheit und Gesundheit ergeben? | C41: =IF(ISBLANK('Selbstbeurteilung Kunde'!D41),0,1) -> 0 | D41: =IF(AND('Selbstbeurteilung Kunde'!D41="",'Selbstbeurteilung Kunde'!E41=""),"*","") -> * | E41: =IF(ISBLANK('Selbstbeurteilung Kunde'!F41),"",'Selbstbeurteilung Kunde'!F41) | M41: 3 | O41: =M41*C41 -> 0 | P41: =L41*M41 -> 0
A42: ='Selbstbeurteilung Kunde'!A42 -> 1.4. | B42: ='Selbstbeurteilung Kunde'!B42 -> Sicherheitsziele | C42: =O42/N42 -> 0 | L42: =P42/N42 -> 0 | M42: 2 | N42: =SUM(M43:M55) -> 21 | O42: =SUM(O43:O55) -> 0 | P42: =SUM(P43:P55) -> 0 | Q42: =O42/$N42*$M42 -> 0 | R42: =P42/$N42*$M42 -> 0
A43: ='Selbstbeurteilung Kunde'!A43 -> 1.4.1.a | B43: ='Selbstbeurteilung Kunde'!C43 -> Bestehen messbare Ziele in Bezug auf die Begrenzung der Häufigkeiten* der folgenden Ereignisse: *Häufigkeit: Anzahl Ereignisse im Verhältnis zur produktiven Arbeitszeit oder Anzahl Ereignisse im Verhältnis zur Anzahl der Vollbeschäftigten während einer bestimmten Periode. Berufsunfälle/Berufskrankheiten? | C43: =IF(ISBLANK('Selbstbeurteilung Kunde'!D43),0,1) -> 0 | D43: =IF(AND('Selbstbeurteilung Kunde'!D43="",'Selbstbeurteilung Kunde'!E43=""),"*","") -> * | E43: =IF(ISBLANK('Selbstbeurteilung Kunde'!F43),"",'Selbstbeurteilung Kunde'!F43) | M43: 5 | O43: =M43*C43 -> 0 | P43: =L43*M43 -> 0
A44: ='Selbstbeurteilung Kunde'!A44 -> 1.4.1.b | B44: ='Selbstbeurteilung Kunde'!C44 -> Nichtberufsunfälle? | C44: =IF(ISBLANK('Selbstbeurteilung Kunde'!D44),0,1) -> 0 | D44: =IF(AND('Selbstbeurteilung Kunde'!D44="",'Selbstbeurteilung Kunde'!E44=""),"*","") -> * | E44: =IF(ISBLANK('Selbstbeurteilung Kunde'!F44),"",'Selbstbeurteilung Kunde'!F44) | M44: 3 | O44: =M44*C44 -> 0 | P44: =L44*M44 -> 0
A45: ='Selbstbeurteilung Kunde'!A45 -> 1.4.1.c | B45: ='Selbstbeurteilung Kunde'!C45 -> Krankheiten? | C45: =IF(ISBLANK('Selbstbeurteilung Kunde'!D45),0,1) -> 0 | D45: =IF(AND('Selbstbeurteilung Kunde'!D45="",'Selbstbeurteilung Kunde'!E45=""),"*","") -> * | E45: =IF(ISBLANK('Selbstbeurteilung Kunde'!F45),"",'Selbstbeurteilung Kunde'!F45) | M45: 2 | O45: =M45*C45 -> 0 | P45: =L45*M45 -> 0
A46: ='Selbstbeurteilung Kunde'!A46 -> 1.4.1.d | B46: ='Selbstbeurteilung Kunde'!C46 -> Sachschäden? | C46: =IF(ISBLANK('Selbstbeurteilung Kunde'!D46),0,1) -> 0 | D46: =IF(AND('Selbstbeurteilung Kunde'!D46="",'Selbstbeurteilung Kunde'!E46=""),"*","") -> * | E46: =IF(ISBLANK('Selbstbeurteilung Kunde'!F46),"",'Selbstbeurteilung Kunde'!F46) | M46: 3 | O46: =M46*C46 -> 0 | P46: =L46*M46 -> 0
A47: ='Selbstbeurteilung Kunde'!A47 -> 1.4.1.e | B47: ='Selbstbeurteilung Kunde'!C47 -> Störungen? | C47: =IF(ISBLANK('Selbstbeurteilung Kunde'!D47),0,1) -> 0 | D47: =IF(AND('Selbstbeurteilung Kunde'!D47="",'Selbstbeurteilung Kunde'!E47=""),"*","") -> * | E47: =IF(ISBLANK('Selbstbeurteilung Kunde'!F47),"",'Selbstbeurteilung Kunde'!F47) | M47: 0 | O47: =M47*C47 -> 0 | P47: =L47*M47 -> 0
A48: ='Selbstbeurteilung Kunde'!A48 -> 1.4.1.f | B48: ='Selbstbeurteilung Kunde'!C48 -> Andere Ereignisse? Falls ja, welche Ereignisse? | C48: =IF(ISBLANK('Selbstbeurteilung Kunde'!D48),0,1) -> 0 | D48: =IF(AND('Selbstbeurteilung Kunde'!D48="",'Selbstbeurteilung Kunde'!E48=""),"*","") -> * | E48: =IF(ISBLANK('Selbstbeurteilung Kunde'!F48),"",'Selbstbeurteilung Kunde'!F48) | M48: 0 | O48: =M48*C48 -> 0 | P48: =L48*M48 -> 0
A49: ='Selbstbeurteilung Kunde'!A49 -> 1.4.2.a | B49: ='Selbstbeurteilung Kunde'!C49 -> Bestehen messbare Ziele in Bezug auf die Begrenzung von Ausfallzeiten die durch die folgenden Ereignisse verursacht werden: Berufsunfälle/Berufskrankheiten | C49: =IF(ISBLANK('Selbstbeurteilung Kunde'!D49),0,1) -> 0 | D49: =IF(AND('Selbstbeurteilung Kunde'!D49="",'Selbstbeurteilung Kunde'!E49=""),"*","") -> * | E49: =IF(ISBLANK('Selbstbeurteilung Kunde'!F49),"",'Selbstbeurteilung Kunde'!F49) | M49: 1 | O49: =M49*C49 -> 0 | P49: =L49*M49 -> 0
A50: ='Selbstbeurteilung Kunde'!A50 -> 1.4.2.b | B50: ='Selbstbeurteilung Kunde'!C50 -> Nichtberufsunfälle? | C50: =IF(ISBLANK('Selbstbeurteilung Kunde'!D50),0,1) -> 0 | D50: =IF(AND('Selbstbeurteilung Kunde'!D50="",'Selbstbeurteilung Kunde'!E50=""),"*","") -> * | E50: =IF(ISBLANK('Selbstbeurteilung Kunde'!F50),"",'Selbstbeurteilung Kunde'!F50) | M50: 1 | O50: =M50*C50 -> 0 | P50: =L50*M50 -> 0
A51: ='Selbstbeurteilung Kunde'!A51 -> 1.4.2.c | B51: ='Selbstbeurteilung Kunde'!C51 -> Krankheiten? | C51: =IF(ISBLANK('Selbstbeurteilung Kunde'!D51),0,1) -> 0 | D51: =IF(AND('Selbstbeurteilung Kunde'!D51="",'Selbstbeurteilung Kunde'!E51=""),"*","") -> * | E51: =IF(ISBLANK('Selbstbeurteilung Kunde'!F51),"",'Selbstbeurteilung Kunde'!F51) | M51: 3 | O51: =M51*C51 -> 0 | P51: =L51*M51 -> 0
A52: ='Selbstbeurteilung Kunde'!A52 -> 1.4.2.d | B52: ='Selbstbeurteilung Kunde'!C52 -> Andere Ereignisse? Falls ja, welche Ereignisse? | C52: =IF(ISBLANK('Selbstbeurteilung Kunde'!D52),0,1) -> 0 | D52: =IF(AND('Selbstbeurteilung Kunde'!D52="",'Selbstbeurteilung Kunde'!E52=""),"*","") -> * | E52: =IF(ISBLANK('Selbstbeurteilung Kunde'!F52),"",'Selbstbeurteilung Kunde'!F52) | M52: 0 | O52: =M52*C52 -> 0 | P52: =L52*M52 -> 0
A53: ='Selbstbeurteilung Kunde'!A53 -> 1.4.3. | B53: ='Selbstbeurteilung Kunde'!C53 -> Beziehen sich Ihre Sicherheits- und Gesundheitsziele auf das ganze Unternehmen? | C53: =IF(ISBLANK('Selbstbeurteilung Kunde'!D53),0,1) -> 0 | D53: =IF(AND('Selbstbeurteilung Kunde'!D53="",'Selbstbeurteilung Kunde'!E53=""),"*","") -> * | E53: =IF(ISBLANK('Selbstbeurteilung Kunde'!F53),"",'Selbstbeurteilung Kunde'!F53) | M53: 1 | O53: =M53*C53 -> 0 | P53: =L53*M53 -> 0
A54: ='Selbstbeurteilung Kunde'!A54 -> 1.4.4. | B54: ='Selbstbeurteilung Kunde'!C54 -> Beziehen sich Ihre Sicherheits- und Gesundheitsziele auf einzelne Organisationseinheiten? | C54: =IF(ISBLANK('Selbstbeurteilung Kunde'!D54),0,1) -> 0 | D54: =IF(AND('Selbstbeurteilung Kunde'!D54="",'Selbstbeurteilung Kunde'!E54=""),"*","") -> * | E54: =IF(ISBLANK('Selbstbeurteilung Kunde'!F54),"",'Selbstbeurteilung Kunde'!F54) | M54: 1 | O54: =M54*C54 -> 0 | P54: =L54*M54 -> 0
A55: ='Selbstbeurteilung Kunde'!A55 -> 1.4.5. | B55: ='Selbstbeurteilung Kunde'!C55 -> Verfügen Sie über Vergleichsmöglichkeiten mit den Zahlen Ihrer Branche oder vergleichbarer Unternehmen? Wenn ja, welche? | C55: =IF(ISBLANK('Selbstbeurteilung Kunde'!D55),0,1) -> 0 | D55: =IF(AND('Selbstbeurteilung Kunde'!D55="",'Selbstbeurteilung Kunde'!E55=""),"*","") -> * | E55: =IF(ISBLANK('Selbstbeurteilung Kunde'!F55),"",'Selbstbeurteilung Kunde'!F55) | M55: 1 | O55: =M55*C55 -> 0 | P55: =L55*M55 -> 0
A56: ='Selbstbeurteilung Kunde'!A56 -> 1.5. | B56: ='Selbstbeurteilung Kunde'!B56 -> Zielbildung, Controlling und Strategie | C56: =O56/N56 -> 0 | L56: =P56/N56 -> 0 | M56: 2 | N56: =SUM(M57:M63) -> 17 | O56: =SUM(O57:O63) -> 0 | P56: =SUM(P57:P63) -> 0 | Q56: =O56/$N56*$M56 -> 0 | R56: =P56/$N56*$M56 -> 0
A57: ='Selbstbeurteilung Kunde'!A57 -> 1.5.1. | B57: ='Selbstbeurteilung Kunde'!C57 -> Gibt es einen definierten Prozess für die Festlegung der Sicherheitsziele? | C57: =IF(ISBLANK('Selbstbeurteilung Kunde'!D57),0,1) -> 0 | D57: =IF(AND('Selbstbeurteilung Kunde'!D57="",'Selbstbeurteilung Kunde'!E57=""),"*","") -> * | E57: =IF(ISBLANK('Selbstbeurteilung Kunde'!F57),"",'Selbstbeurteilung Kunde'!F57) | M57: 3 | O57: =M57*C57 -> 0 | P57: =L57*M57 -> 0
A58: ='Selbstbeurteilung Kunde'!A58 -> 1.5.2. | B58: ='Selbstbeurteilung Kunde'!C58 -> Enthalten die Ziele auch die Verpflichtung zur kontinuierlichen Verbesserung des Sicherheitssystems? | C58: =IF(ISBLANK('Selbstbeurteilung Kunde'!D58),0,1) -> 0 | D58: =IF(AND('Selbstbeurteilung Kunde'!D58="",'Selbstbeurteilung Kunde'!E58=""),"*","") -> * | E58: =IF(ISBLANK('Selbstbeurteilung Kunde'!F58),"",'Selbstbeurteilung Kunde'!F58) | M58: 3 | O58: =M58*C58 -> 0 | P58: =L58*M58 -> 0
A59: ='Selbstbeurteilung Kunde'!A59 -> 1.5.3. | B59: ='Selbstbeurteilung Kunde'!C59 -> Werden Beschäftigte oder deren Vertretungen in den Zielbildungsprozess für die Sicherheitsziele einbezogen? | C59: =IF(ISBLANK('Selbstbeurteilung Kunde'!D59),0,1) -> 0 | D59: =IF(AND('Selbstbeurteilung Kunde'!D59="",'Selbstbeurteilung Kunde'!E59=""),"*","") -> * | E59: =IF(ISBLANK('Selbstbeurteilung Kunde'!F59),"",'Selbstbeurteilung Kunde'!F59) | M59: 4 | O59: =M59*C59 -> 0 | P59: =L59*M59 -> 0
A60: ='Selbstbeurteilung Kunde'!A60 -> 1.5.4. | B60: ='Selbstbeurteilung Kunde'!C60 -> Werden Zielabweichungen für das ganze Unternehmen durch eine zweckmässige Ereignisüberwachung bzw. ein Controlling frühzeitig festgestellt? | C60: =IF(ISBLANK('Selbstbeurteilung Kunde'!D60),0,1) -> 0 | D60: =IF(AND('Selbstbeurteilung Kunde'!D60="",'Selbstbeurteilung Kunde'!E60=""),"*","") -> * | E60: =IF(ISBLANK('Selbstbeurteilung Kunde'!F60),"",'Selbstbeurteilung Kunde'!F60) | M60: 1 | O60: =M60*C60 -> 0 | P60: =L60*M60 -> 0
A61: ='Selbstbeurteilung Kunde'!A61 -> 1.5.5. | B61: ='Selbstbeurteilung Kunde'!C61 -> Werden Zielabweichungen für einzelne Organisationseinheiten durch eine zweckmässige Ereignisüberwachung bzw. ein Controlling frühzeitig festgestellt? | C61: =IF(ISBLANK('Selbstbeurteilung Kunde'!D61),0,1) -> 0 | D61: =IF(AND('Selbstbeurteilung Kunde'!D61="",'Selbstbeurteilung Kunde'!E61=""),"*","") -> * | E61: =IF(ISBLANK('Selbstbeurteilung Kunde'!F61),"",'Selbstbeurteilung Kunde'!F61) | M61: 1 | O61: =M61*C61 -> 0 | P61: =L61*M61 -> 0
A62: ='Selbstbeurteilung Kunde'!A62 -> 1.5.6. | B62: ='Selbstbeurteilung Kunde'!C62 -> Werden beim Nichterreichen von Sicherheitszielen entsprechende Konsequenzen gezogen und die notwendigen Korrekturmassnahmen eingeleitet? Wenn ja, welche Konsequenzen? | C62: =IF(ISBLANK('Selbstbeurteilung Kunde'!D62),0,1) -> 0 | D62: =IF(AND('Selbstbeurteilung Kunde'!D62="",'Selbstbeurteilung Kunde'!E62=""),"*","") -> * | E62: =IF(ISBLANK('Selbstbeurteilung Kunde'!F62),"",'Selbstbeurteilung Kunde'!F62) | M62: 3 | O62: =M62*C62 -> 0 | P62: =L62*M62 -> 0
A63: ='Selbstbeurteilung Kunde'!A63 -> 1.5.7. | B63: ='Selbstbeurteilung Kunde'!C63 -> Verfügen Sie über eine Sicherheitsstrategie um Ihre Sicherheitsziele zu erreichen (z.B. mittelfristig ausgelegte Massnahmenpakete, zukünftige Trends, Anforderungen und Erwartungen interessierter Parteien)? Wenn ja, welche? | C63: =IF(ISBLANK('Selbstbeurteilung Kunde'!D63),0,1) -> 0 | D63: =IF(AND('Selbstbeurteilung Kunde'!D63="",'Selbstbeurteilung Kunde'!E63=""),"*","") -> * | E63: =IF(ISBLANK('Selbstbeurteilung Kunde'!F63),"",'Selbstbeurteilung Kunde'!F63) | M63: 2 | O63: =M63*C63 -> 0 | P63: =L63*M63 -> 0
A64: ='Selbstbeurteilung Kunde'!A65 -> 2. | B64: ='Selbstbeurteilung Kunde'!B65 -> Organisation | C64: =O64/N64 -> 0 | L64: =P64/N64 -> 0 | N64: =SUM(M65,M106,M127) -> 7 | O64: =SUM(Q65,Q106,Q127) -> 0 | P64: =SUM(R65,R106,R127) -> 0
A65: ='Selbstbeurteilung Kunde'!A67 -> 2.1. | B65: ='Selbstbeurteilung Kunde'!B67 -> Betriebsorganisation | C65: =O65/N65 -> 0 | L65: =P65/N65 -> 0 | M65: 3 | N65: =SUM(M66,M73,M91,M103) -> 7 | O65: =SUM(Q66,Q73,Q91,Q103) -> 0 | P65: =SUM(R66,R73,R91,R103) -> 0 | Q65: =O65/$N65*$M65 -> 0 | R65: =P65/$N65*$M65 -> 0
A66: ='Selbstbeurteilung Kunde'!A68 -> 2.1.1 | B66: ='Selbstbeurteilung Kunde'!C68 -> Organisationsform | C66: =O66/N66 -> 0 | L66: =P66/N66 -> 0 | M66: 1 | N66: =MAX(M67:M72) -> 1 | O66: =MAX(O67:O72) -> 0 | P66: =MAX(P67:P72) -> 0 | Q66: =O66/N66*M66 -> 0 | R66: =P66/N66*$M66 -> 0
A67: ='Selbstbeurteilung Kunde'!A69 -> 2.1.1.1.a | B67: ='Selbstbeurteilung Kunde'!C69 -> Welche Form der Aufbauorganisation besteht in Ihrem Unternehmen: Linienorganisation? | C67: =IF(ISBLANK('Selbstbeurteilung Kunde'!D69),0,1) -> 0 | D67: =IF(AND('Selbstbeurteilung Kunde'!D69="",'Selbstbeurteilung Kunde'!E69=""),"*","") -> * | E67: =IF(ISBLANK('Selbstbeurteilung Kunde'!F69),"",'Selbstbeurteilung Kunde'!F69) | M67: 1 | O67: =C67*M67 -> 0 | P67: =L67*M67 -> 0
A68: ='Selbstbeurteilung Kunde'!A70 -> 2.1.1.2.b | B68: ='Selbstbeurteilung Kunde'!C70 -> Linien-Stab-Organisation? | C68: =IF(ISBLANK('Selbstbeurteilung Kunde'!D70),0,1) -> 0 | D68: =IF(AND('Selbstbeurteilung Kunde'!D70="",'Selbstbeurteilung Kunde'!E70=""),"*","") -> * | E68: =IF(ISBLANK('Selbstbeurteilung Kunde'!F70),"",'Selbstbeurteilung Kunde'!F70) | M68: 1 | O68: =C68*M68 -> 0 | P68: =L68*M68 -> 0
A69: ='Selbstbeurteilung Kunde'!A71 -> 2.1.1.2.c | B69: ='Selbstbeurteilung Kunde'!C71 -> Funktionale Organisation? | C69: =IF(ISBLANK('Selbstbeurteilung Kunde'!D71),0,1) -> 0 | D69: =IF(AND('Selbstbeurteilung Kunde'!D71="",'Selbstbeurteilung Kunde'!E71=""),"*","") -> * | E69: =IF(ISBLANK('Selbstbeurteilung Kunde'!F71),"",'Selbstbeurteilung Kunde'!F71) | M69: 1 | O69: =C69*M69 -> 0 | P69: =L69*M69 -> 0
A70: ='Selbstbeurteilung Kunde'!A72 -> 2.1.1.2.d | B70: ='Selbstbeurteilung Kunde'!C72 -> Matrixorganisation? | C70: =IF(ISBLANK('Selbstbeurteilung Kunde'!D72),0,1) -> 0 | D70: =IF(AND('Selbstbeurteilung Kunde'!D72="",'Selbstbeurteilung Kunde'!E72=""),"*","") -> * | E70: =IF(ISBLANK('Selbstbeurteilung Kunde'!F72),"",'Selbstbeurteilung Kunde'!F72) | M70: 1 | O70: =C70*M70 -> 0 | P70: =L70*M70 -> 0
A71: ='Selbstbeurteilung Kunde'!A73 -> 2.1.1.2.e | B71: ='Selbstbeurteilung Kunde'!C73 -> Projektorganisation? | C71: =IF(ISBLANK('Selbstbeurteilung Kunde'!D73),0,1) -> 0 | D71: =IF(AND('Selbstbeurteilung Kunde'!D73="",'Selbstbeurteilung Kunde'!E73=""),"*","") -> * | E71: =IF(ISBLANK('Selbstbeurteilung Kunde'!F73),"",'Selbstbeurteilung Kunde'!F73) | M71: 1 | O71: =C71*M71 -> 0 | P71: =L71*M71 -> 0
A72: ='Selbstbeurteilung Kunde'!A74 -> 2.1.1.2.f | B72: ='Selbstbeurteilung Kunde'!C74 -> Andere Organisationsform? Wenn ja, welche? | C72: =IF(ISBLANK('Selbstbeurteilung Kunde'!D74),0,1) -> 0 | D72: =IF(AND('Selbstbeurteilung Kunde'!D74="",'Selbstbeurteilung Kunde'!E74=""),"*","") -> * | E72: =IF(ISBLANK('Selbstbeurteilung Kunde'!F74),"",'Selbstbeurteilung Kunde'!F74) | M72: 1 | O72: =C72*M72 -> 0 | P72: =L72*M72 -> 0
A73: ='Selbstbeurteilung Kunde'!A75 -> 2.1.2. | B73: ='Selbstbeurteilung Kunde'!C75 -> Aufgaben, Kompetenzen, Verantwortung | C73: =O73/N73 -> 0 | E73: =IF(ISBLANK('Selbstbeurteilung Kunde'!F75),"",'Selbstbeurteilung Kunde'!F75) | L73: =P73/N73 -> 0 | M73: 3 | N73: =SUM(M74:M90) -> 21 | O73: =SUM(O74:O90) -> 0 | P73: =SUM(P74:P90) -> 0 | Q73: =O73/$N73*$M73 -> 0 | R73: =P73/$N73*$M73 -> 0
A74: ='Selbstbeurteilung Kunde'!A76 -> 2.1.2.1. | B74: ='Selbstbeurteilung Kunde'!C76 -> Ist die Zuständigkeit und Verantwortlichkeit für die Sicherheit und Gesundheit der Mitarbeitenden schriftlich geregelt? | C74: =IF(ISBLANK('Selbstbeurteilung Kunde'!D76),0,1) -> 0 | D74: =IF(AND('Selbstbeurteilung Kunde'!D76="",'Selbstbeurteilung Kunde'!E76=""),"*","") -> * | E74: =IF(ISBLANK('Selbstbeurteilung Kunde'!F76),"",'Selbstbeurteilung Kunde'!F76) | M74: 4 | O74: =C74*M74 -> 0 | P74: =L74*M74 -> 0
A75: ='Selbstbeurteilung Kunde'!A77 -> 2.1.2.2.a | B75: ='Selbstbeurteilung Kunde'!C77 -> Verfügt Ihr Unternehmen über Organisationsdokumente wie: Stellenbeschreibungen? | C75: =IF(ISBLANK('Selbstbeurteilung Kunde'!D77),0,1) -> 0 | D75: =IF(AND('Selbstbeurteilung Kunde'!D77="",'Selbstbeurteilung Kunde'!E77=""),"*","") -> * | E75: =IF(ISBLANK('Selbstbeurteilung Kunde'!F77),"",'Selbstbeurteilung Kunde'!F77) | M75: 2 | O75: =C75*M75 -> 0 | P75: =L75*M75 -> 0
A76: ='Selbstbeurteilung Kunde'!A78 -> 2.1.2.2.b | B76: ='Selbstbeurteilung Kunde'!C78 -> Pflichtenhefte? | C76: =IF(ISBLANK('Selbstbeurteilung Kunde'!D78),0,1) -> 0 | D76: =IF(AND('Selbstbeurteilung Kunde'!D78="",'Selbstbeurteilung Kunde'!E78=""),"*","") -> * | E76: =IF(ISBLANK('Selbstbeurteilung Kunde'!F78),"",'Selbstbeurteilung Kunde'!F78) | M76: 1 | O76: =C76*M76 -> 0 | P76: =L76*M76 -> 0
A77: ='Selbstbeurteilung Kunde'!A79 -> 2.1.2.2.c | B77: ='Selbstbeurteilung Kunde'!C79 -> Funktionsdiagramme? | C77: =IF(ISBLANK('Selbstbeurteilung Kunde'!D79),0,1) -> 0 | D77: =IF(AND('Selbstbeurteilung Kunde'!D79="",'Selbstbeurteilung Kunde'!E79=""),"*","") -> * | E77: =IF(ISBLANK('Selbstbeurteilung Kunde'!F79),"",'Selbstbeurteilung Kunde'!F79) | M77: 0 | O77: =C77*M77 -> 0 | P77: =L77*M77 -> 0
A78: ='Selbstbeurteilung Kunde'!A80 -> 2.1.2.2.d | B78: ='Selbstbeurteilung Kunde'!C80 -> Reglemente? | C78: =IF(ISBLANK('Selbstbeurteilung Kunde'!D80),0,1) -> 0 | D78: =IF(AND('Selbstbeurteilung Kunde'!D80="",'Selbstbeurteilung Kunde'!E80=""),"*","") -> * | E78: =IF(ISBLANK('Selbstbeurteilung Kunde'!F80),"",'Selbstbeurteilung Kunde'!F80) | M78: 2 | O78: =C78*M78 -> 0 | P78: =L78*M78 -> 0
A79: ='Selbstbeurteilung Kunde'!A81 -> 2.1.2.2.e | B79: ='Selbstbeurteilung Kunde'!C81 -> Einzelarbeitsverträge? | C79: =IF(ISBLANK('Selbstbeurteilung Kunde'!D81),0,1) -> 0 | D79: =IF(AND('Selbstbeurteilung Kunde'!D81="",'Selbstbeurteilung Kunde'!E81=""),"*","") -> * | E79: =IF(ISBLANK('Selbstbeurteilung Kunde'!F81),"",'Selbstbeurteilung Kunde'!F81) | M79: 2 | O79: =C79*M79 -> 0 | P79: =L79*M79 -> 0
A80: ='Selbstbeurteilung Kunde'!A82 -> 2.1.2.2.f | B80: ='Selbstbeurteilung Kunde'!C82 -> Gesamtarbeitsverträge? | C80: =IF(ISBLANK('Selbstbeurteilung Kunde'!D82),0,1) -> 0 | D80: =IF(AND('Selbstbeurteilung Kunde'!D82="",'Selbstbeurteilung Kunde'!E82=""),"*","") -> * | E80: =IF(ISBLANK('Selbstbeurteilung Kunde'!F82),"",'Selbstbeurteilung Kunde'!F82) | M80: 0 | O80: =C80*M80 -> 0 | P80: =L80*M80 -> 0
A81: ='Selbstbeurteilung Kunde'!A83 -> 2.1.2.2.g | B81: ='Selbstbeurteilung Kunde'!C83 -> Werkverträge? | C81: =IF(ISBLANK('Selbstbeurteilung Kunde'!D83),0,1) -> 0 | D81: =IF(AND('Selbstbeurteilung Kunde'!D83="",'Selbstbeurteilung Kunde'!E83=""),"*","") -> * | E81: =IF(ISBLANK('Selbstbeurteilung Kunde'!F83),"",'Selbstbeurteilung Kunde'!F83) | M81: 1 | O81: =C81*M81 -> 0 | P81: =L81*M81 -> 0
A82: ='Selbstbeurteilung Kunde'!A84 -> 2.1.2.2.h | B82: ='Selbstbeurteilung Kunde'!C84 -> Andere Organisationsdokumente? Wenn ja, welche? | C82: =IF(ISBLANK('Selbstbeurteilung Kunde'!D84),0,1) -> 0 | D82: =IF(AND('Selbstbeurteilung Kunde'!D84="",'Selbstbeurteilung Kunde'!E84=""),"*","") -> * | E82: =IF(ISBLANK('Selbstbeurteilung Kunde'!F84),"",'Selbstbeurteilung Kunde'!F84) | M82: 0 | O82: =C82*M82 -> 0 | P82: =L82*M82 -> 0
A83: ='Selbstbeurteilung Kunde'!A85 -> 2.1.2.3.a | B83: ='Selbstbeurteilung Kunde'!C85 -> Sind Aufgaben, Kompetenzen, Verantwortlichkeit (Pflichten und Rechte) bezüglich Sicherheit und Gesundheit Bestandteil von: Stellenbeschreibungen? | C83: =IF(ISBLANK('Selbstbeurteilung Kunde'!D85),0,1) -> 0 | D83: =IF(AND('Selbstbeurteilung Kunde'!D85="",'Selbstbeurteilung Kunde'!E85=""),"*","") -> * | E83: =IF(ISBLANK('Selbstbeurteilung Kunde'!F85),"",'Selbstbeurteilung Kunde'!F85) | M83: 5 | O83: =C83*M83 -> 0 | P83: =L83*M83 -> 0
A84: ='Selbstbeurteilung Kunde'!A86 -> 2.1.2.3.b | B84: ='Selbstbeurteilung Kunde'!C86 -> Pflichtenheften? | C84: =IF(ISBLANK('Selbstbeurteilung Kunde'!D86),0,1) -> 0 | D84: =IF(AND('Selbstbeurteilung Kunde'!D86="",'Selbstbeurteilung Kunde'!E86=""),"*","") -> * | E84: =IF(ISBLANK('Selbstbeurteilung Kunde'!F86),"",'Selbstbeurteilung Kunde'!F86) | M84: 1 | O84: =C84*M84 -> 0 | P84: =L84*M84 -> 0
A85: ='Selbstbeurteilung Kunde'!A87 -> 2.1.2.3.c | B85: ='Selbstbeurteilung Kunde'!C87 -> Funktionsdiagrammen? | C85: =IF(ISBLANK('Selbstbeurteilung Kunde'!D87),0,1) -> 0 | D85: =IF(AND('Selbstbeurteilung Kunde'!D87="",'Selbstbeurteilung Kunde'!E87=""),"*","") -> * | E85: =IF(ISBLANK('Selbstbeurteilung Kunde'!F87),"",'Selbstbeurteilung Kunde'!F87) | M85: 0 | O85: =C85*M85 -> 0 | P85: =L85*M85 -> 0
... A90: ='Selbstbeurteilung Kunde'!A92 -> 2.1.2.3.h | B90: ='Selbstbeurteilung Kunde'!C92 -> Anderen Organisationsdokumenten? Wenn ja, von welchen? | C90: =IF(ISBLANK('Selbstbeurteilung Kunde'!D92),0,1) -> 0 | D90: =IF(AND('Selbstbeurteilung Kunde'!D92="",'Selbstbeurteilung Kunde'!E92=""),"*","") -> * | E90: =IF(ISBLANK('Selbstbeurteilung Kunde'!F92),"",'Selbstbeurteilung Kunde'!F92) | M90: 0 | O90: =C90*M90 -> 0 | P90: =L90*M90 -> 0
A91: ='Selbstbeurteilung Kunde'!A93 -> 2.1.3. | B91: ='Selbstbeurteilung Kunde'!C93 -> Arbeitsplanung und -organisation | C91: =O91/N91 -> 0 | E91: =IF(ISBLANK('Selbstbeurteilung Kunde'!F93),"",'Selbstbeurteilung Kunde'!F93) | L91: =P91/N91 -> 0 | M91: 2 | N91: =SUM(M92:M102) -> 17 | O91: =SUM(O92:O102) -> 0 | P91: =SUM(P92:P102) -> 0 | Q91: =O91/$N91*$M91 -> 0 | R91: =P91/$N91*$M91 -> 0
A92: ='Selbstbeurteilung Kunde'!A94 -> 2.1.3.1.a | B92: ='Selbstbeurteilung Kunde'!C94 -> Wird die Planung, Kalkulation, Organisation und Vorbereitung von Arbeitsaufträgen durchgeführt von: Linienvorgesetzten? | C92: =IF(ISBLANK('Selbstbeurteilung Kunde'!D94),0,1) -> 0 | D92: =IF(AND('Selbstbeurteilung Kunde'!D94="",'Selbstbeurteilung Kunde'!E94=""),"*","") -> * | E92: =IF(ISBLANK('Selbstbeurteilung Kunde'!F94),"",'Selbstbeurteilung Kunde'!F94) | M92: 3 | O92: =C92*M92 -> 0 | P92: =L92*M92 -> 0
A93: ='Selbstbeurteilung Kunde'!A95 -> 2.1.3.1.b | B93: ='Selbstbeurteilung Kunde'!C95 -> Projektteams? | C93: =IF(ISBLANK('Selbstbeurteilung Kunde'!D95),0,1) -> 0 | D93: =IF(AND('Selbstbeurteilung Kunde'!D95="",'Selbstbeurteilung Kunde'!E95=""),"*","") -> * | E93: =IF(ISBLANK('Selbstbeurteilung Kunde'!F95),"",'Selbstbeurteilung Kunde'!F95) | M93: 0 | O93: =C93*M93 -> 0 | P93: =L93*M93 -> 0
A94: ='Selbstbeurteilung Kunde'!A96 -> 2.1.3.1.c | B94: ='Selbstbeurteilung Kunde'!C96 -> Einer speziellen Organisationseinheit (AVOR)? | C94: =IF(ISBLANK('Selbstbeurteilung Kunde'!D96),0,1) -> 0 | D94: =IF(AND('Selbstbeurteilung Kunde'!D96="",'Selbstbeurteilung Kunde'!E96=""),"*","") -> * | E94: =IF(ISBLANK('Selbstbeurteilung Kunde'!F96),"",'Selbstbeurteilung Kunde'!F96) | M94: 0 | O94: =C94*M94 -> 0 | P94: =L94*M94 -> 0
A95: ='Selbstbeurteilung Kunde'!A97 -> 2.1.3.1.d | B95: ='Selbstbeurteilung Kunde'!C97 -> Anderen/weiteren Organen/Personen? Wenn ja, von welchen Organen/Personen? | C95: =IF(ISBLANK('Selbstbeurteilung Kunde'!D97),0,1) -> 0 | D95: =IF(AND('Selbstbeurteilung Kunde'!D97="",'Selbstbeurteilung Kunde'!E97=""),"*","") -> * | E95: =IF(ISBLANK('Selbstbeurteilung Kunde'!F97),"",'Selbstbeurteilung Kunde'!F97) | M95: 0 | O95: =C95*M95 -> 0 | P95: =L95*M95 -> 0
A96: ='Selbstbeurteilung Kunde'!A98 -> 2.1.3.2. | B96: ='Selbstbeurteilung Kunde'!C98 -> Werden in der Phase der Planung, Organisation und Vorbereitung Aspekte der Arbeitssicherheit und des Gesundheitsschutzes berücksichtigt? | C96: =IF(ISBLANK('Selbstbeurteilung Kunde'!D98),0,1) -> 0 | D96: =IF(AND('Selbstbeurteilung Kunde'!D98="",'Selbstbeurteilung Kunde'!E98=""),"*","") -> * | E96: =IF(ISBLANK('Selbstbeurteilung Kunde'!F98),"",'Selbstbeurteilung Kunde'!F98) | M96: 5 | O96: =C96*M96 -> 0 | P96: =L96*M96 -> 0
A97: ='Selbstbeurteilung Kunde'!A99 -> 2.1.3.3. | B97: ='Selbstbeurteilung Kunde'!C99 -> Besteht eine strikte Trennung zwischen der Planung, Organisation und Vorbereitung (AVOR) von Arbeiten und der Ausführung von Arbeiten? | C97: =IF(ISBLANK('Selbstbeurteilung Kunde'!D99),0,1) -> 0 | D97: =IF(AND('Selbstbeurteilung Kunde'!D99="",'Selbstbeurteilung Kunde'!E99=""),"*","") -> * | E97: =IF(ISBLANK('Selbstbeurteilung Kunde'!F99),"",'Selbstbeurteilung Kunde'!F99) | M97: 0 | O97: =C97*M97 -> 0 | P97: =L97*M97 -> 0
A98: ='Selbstbeurteilung Kunde'!A100 -> 2.1.3.4. | B98: ='Selbstbeurteilung Kunde'!C100 -> Wird die Ausführungsebene in die Arbeitsvorbereitung einbezogen? | C98: =IF(ISBLANK('Selbstbeurteilung Kunde'!D100),0,1) -> 0 | D98: =IF(AND('Selbstbeurteilung Kunde'!D100="",'Selbstbeurteilung Kunde'!E100=""),"*","") -> * | E98: =IF(ISBLANK('Selbstbeurteilung Kunde'!F100),"",'Selbstbeurteilung Kunde'!F100) | M98: 0 | O98: =C98*M98 -> 0 | P98: =L98*M98 -> 0
A99: ='Selbstbeurteilung Kunde'!A101 -> 2.1.3.5. | B99: ='Selbstbeurteilung Kunde'!C101 -> Werden Arbeitsaufträge erläutert und besprochen? | C99: =IF(ISBLANK('Selbstbeurteilung Kunde'!D101),0,1) -> 0 | D99: =IF(AND('Selbstbeurteilung Kunde'!D101="",'Selbstbeurteilung Kunde'!E101=""),"*","") -> * | E99: =IF(ISBLANK('Selbstbeurteilung Kunde'!F101),"",'Selbstbeurteilung Kunde'!F101) | M99: 3 | O99: =C99*M99 -> 0 | P99: =L99*M99 -> 0
A100: ='Selbstbeurteilung Kunde'!A102 -> 2.1.3.6. | B100: ='Selbstbeurteilung Kunde'!C102 -> Sind Sicherheit und Gesundheitsschutz Bestandteil der Arbeitsaufträge? | C100: =IF(ISBLANK('Selbstbeurteilung Kunde'!D102),0,1) -> 0 | D100: =IF(AND('Selbstbeurteilung Kunde'!D102="",'Selbstbeurteilung Kunde'!E102=""),"*","") -> * | E100: =IF(ISBLANK('Selbstbeurteilung Kunde'!F102),"",'Selbstbeurteilung Kunde'!F102) | M100: 3 | O100: =C100*M100 -> 0 | P100: =L100*M100 -> 0
A101: ='Selbstbeurteilung Kunde'!A103 -> 2.1.3.7. | B101: ='Selbstbeurteilung Kunde'!C103 -> Werden Arbeitsaufträge in schriftlicher Form erteilt und dokumentiert? | C101: =IF(ISBLANK('Selbstbeurteilung Kunde'!D103),0,1) -> 0 | D101: =IF(AND('Selbstbeurteilung Kunde'!D103="",'Selbstbeurteilung Kunde'!E103=""),"*","") -> * | E101: =IF(ISBLANK('Selbstbeurteilung Kunde'!F103),"",'Selbstbeurteilung Kunde'!F103) | M101: 2 | O101: =C101*M101 -> 0 | P101: =L101*M101 -> 0
A102: ='Selbstbeurteilung Kunde'!A104 -> 2.1.3.8. | B102: ='Selbstbeurteilung Kunde'!C104 -> Enthalten schriftliche Arbeitsanweisungen Hinweise auf Sicherheits- und Gesundheitsschutzmassnahmen? | C102: =IF(ISBLANK('Selbstbeurteilung Kunde'!D104),0,1) -> 0 | D102: =IF(AND('Selbstbeurteilung Kunde'!D104="",'Selbstbeurteilung Kunde'!E104=""),"*","") -> * | E102: =IF(ISBLANK('Selbstbeurteilung Kunde'!F104),"",'Selbstbeurteilung Kunde'!F104) | M102: 1 | O102: =C102*M102 -> 0 | P102: =L102*M102 -> 0
A103: ='Selbstbeurteilung Kunde'!A105 -> 2.1.4. | B103: ='Selbstbeurteilung Kunde'!C105 -> Betriebsordnung | C103: =O103/N103 -> 0 | E103: =IF(ISBLANK('Selbstbeurteilung Kunde'!F105),"",'Selbstbeurteilung Kunde'!F105) | L103: =P103/N103 -> 0 | M103: 1 | N103: =MAX(M104:M105) -> 1 | O103: =MAX(O104:O105) -> 0 | P103: =MAX(P104:P105) -> 0 | Q103: =O103/N103*M103 -> 0 | R103: =P103/N103*$M103 -> 0
A104: ='Selbstbeurteilung Kunde'!A106 -> 2.1.4.1. | B104: ='Selbstbeurteilung Kunde'!C106 -> Verfügt Ihr Unternehmen über eine obligatorische Betriebsordnung im Sinne des Arbeitsgesetzes? | C104: =IF(ISBLANK('Selbstbeurteilung Kunde'!D106),0,1) -> 0 | D104: =IF(AND('Selbstbeurteilung Kunde'!D106="",'Selbstbeurteilung Kunde'!E106=""),"*","") -> * | E104: =IF(ISBLANK('Selbstbeurteilung Kunde'!F106),"",'Selbstbeurteilung Kunde'!F106) | M104: 1 | O104: =C104*M104 -> 0 | P104: =L104*M104 -> 0
...

Sheet Auswertungen
B2: Legende im Spinnendiagramm:
A3: Erfüllungsgrad | B3: ="Selbstbeurteilung "&Analyse!B1 -> Selbstbeurteilung Muster AG | D3: Beurteilung Suva | G3: Delta Suva - Kunde
B4: Berechnung automatisch | C4: Spinnendiagramm überschreibbar | D4: Berechnung automatisch | E4: Spinnendiagramm überschreibbar | G4: Zur Information
A5: =CONCATENATE(Analyse!A4," ",Analyse!B4) -> 1 Leitbild, Sicherheitsziele und Strategien | B5: =Analyse!C4 -> 0.035294118 | C5: =B5 -> 0.035294118 | D5: =Analyse!L4 -> 0 | E5: =D5 -> 0 | G5: =E5-C5 -> -0.035294118
A6: =CONCATENATE(Analyse!A64," ",Analyse!B64) -> 2. Organisation | B6: =Analyse!C64 -> 0 | C6: =B6 -> 0 | D6: =Analyse!L64 -> 0 | E6: =D6 -> 0 | G6: =E6-C6 -> 0
A7: =CONCATENATE(Analyse!A144," ",Analyse!B144) -> 3. Befähigung, Schulung, Kommunikation | B7: =Analyse!C144 -> 0 | C7: =B7 -> 0 | D7: =Analyse!L144 -> 0 | E7: =D7 -> 0 | G7: =E7-C7 -> 0
A8: =CONCATENATE(Analyse!A240," ",Analyse!B240) -> 4. Sicherheitsstandards | B8: =Analyse!C240 -> 0 | C8: =B8 -> 0 | D8: =Analyse!L240 -> 0 | E8: =D8 -> 0 | G8: =E8-C8 -> 0
A9: =CONCATENATE(Analyse!A319," ",Analyse!B319) -> 5. Gefährdungsermittlung, Risikobeurteilung | B9: =Analyse!C319 -> 0.034090909 | C9: =B9 -> 0.034090909 | D9: =Analyse!L319 -> 0.034090909 | E9: =D9 -> 0.034090909 | G9: =E9-C9 -> 0
A10: =CONCATENATE(Analyse!A368," ",Analyse!B368) -> 6. Massnahmen | B10: =Analyse!C368 -> 0 | C10: =B10 -> 0 | D10: =Analyse!L368 -> 0 | E10: =D10 -> 0 | G10: =E10-C10 -> 0
A11: =CONCATENATE(Analyse!A392," ",Analyse!B392) -> 7. Notfallorganisation | B11: =Analyse!C392 -> 0 | C11: =B11 -> 0 | D11: =Analyse!L392 -> 0 | E11: =D11 -> 0 | G11: =E11-C11 -> 0
A12: =CONCATENATE(Analyse!A429," ",Analyse!B429) -> 8. Mitwirkung | B12: =Analyse!C429 -> 0 | C12: =B12 -> 0 | D12: =Analyse!L429 -> 0 | E12: =D12 -> 0 | G12: =E12-C12 -> 0
A13: =CONCATENATE(Analyse!A445," ",Analyse!B445) -> 9. Gesundheitsschutz | B13: =Analyse!C445 -> 0.15227273 | C13: =B13 -> 0.15227273 | D13: =Analyse!L445 -> 0.15227273 | E13: =D13 -> 0.15227273 | G13: =E13-C13 -> 0
A14: =CONCATENATE(Analyse!A556," ",Analyse!B556) -> 10. Kontrolle | B14: =Analyse!C556 -> 0 | C14: =B14 -> 0 | D14: =Analyse!L556 -> 0 | E14: =D14 -> 0 | G14: =E14-C14 -> 0
A15: =CONCATENATE(Analyse!A587," ",Analyse!B587) -> 11. Absenzenmanagement | B15: =Analyse!C587 -> 0 | C15: =B15 -> 0 | D15: =Analyse!L587 -> 0 | E15: =D15 -> 0 | G15: =E15-C15 -> 0
A16: =CONCATENATE(Analyse!A607," ",Analyse!B607) -> 12 Freizeitsicherheit (Fakultativ) | B16: =Analyse!C607 -> 0 | C16: =B16 -> 0 | D16: =Analyse!L607 -> 0 | E16: =D16 -> 0 | G16: =E16-C16 -> 0
A17: =CONCATENATE(Analyse!A629," ",Analyse!B629) -> 13 BGM: Betriebliches Gesundheitsmanagement (Fakultativ) | B17: =Analyse!C629 -> 0 | C17: =B17 -> 0 | D17: =Analyse!L629 -> 0 | E17: =D17 -> 0 | G17: =E17-C17 -> 0
A18: =CONCATENATE(Analyse!A657," ",Analyse!B657) -> 14 Erweiterung für ISO 45001 (Fakultativ) | B18: =Analyse!C657 -> 0 | C18: =B18 -> 0 | D18: =Analyse!L657 -> 0 | E18: =D18 -> 0 | G18: =E18-C18 -> 0

Sheet Versionenprotokoll
A2: Versionenprotokoll
A4: Version | B4: Sheet | C4: Änderungen
A5: Version 14 | B5: Selbstbeurteilung Kunde | C5: Französische Übersetzung der Frage 2.3.2.3. korrigiert
A6: Freigabe
A7: 45061
B8: Anleitung | C8: Versionnummer aktualisiert
B9: Selbstbeurteilung Kunde | C9: Versionnummer aktualisiert
A10: Version 13 | B10: verschiedene | C10: Formulierungen in der französischen Version kontrolliert und korrigiert durch Sandrine Casanova.
A11: Freigabe
A12: 45028
B13: Anleitung | C13: Versionnummer aktualisiert
B14: Selbstbeurteilung Kunde | C14: Versionnummer aktualisiert
A15: Version 12 | B15: Selbstbeurteilung Kunde | C15: In Fusszeile des Ausdrucks Versionnummer aktualisiert
A16: Freigabe | B16: Anleitung | C16: Versionnummer aktualisiert
A17: 44841 | B17: Analyse | C17: Spalte D "*" eingefügt zur Visualisierung nicht beantwortet.
B18: Analyse | C18: Spalte C formatiert für Visualisierung Ja / Nein
B19: Selbstbeurteilung Kunde | C19: In 9.9.8 und 9.9.9 Fragen 9.9 und 9.3 aus dem ASA-Systemkontrolle Kategorie 3.1 (EKAS 6074/3.1.d 02.2021) eingefügt.
A21: Version 11 | B21: Selbstbeurteilung Kunde | C21: In Fusszeile des Ausdrucks Versionnummer aktualisiert
A22: Freigabe | B22: Anleitung | C22: Versionnummer aktualisiert
A23: 43712 | B23: Selbstbeurteilung Kunde | C23: Anpassung von OHSAS 18001 auf ISO 45001
B24: Generell | C24: Suva Logo aktualisiert
B25: Analyse | C25: Anpassungen von OHSAS 18001 auf ISO 45001
A26: Version 10 | B26: Selbstbeurteilung Kunde | C26: In Fusszeile des Ausdrucks Versionnummer aktualisiert
A27: Freigabe | B27: Anleitung | C27: Versionnummer aktualisiert
A28: 42913 | B28: Analyse | C28: 2.1.3. Gewicht von 1 auf 2 erhöht
B29: Analyse | C29: 1.1.7. Gewicht von 5 auf 2 reduziert
B30: Analyse | C30: 4.1.3. Gewicht von 3 auf 1 reduziert
B31: Analyse | C31: 3.1. falscher Titel korrigiert (Zellenbezug 149 anstatt 148)
B32: Analyse | C32: 4.2. Gewicht von 1 auf 0 reduziert
B33: Analyse | C33: 4.3. Gewicht von 1 auf 2 erhöht
B34: Spinnendiagramme | C34: Legende "Beurteilung Suva" von D3 in Sheet Auswertungen
A36: Version 09 | B36: Selbstbeurteilung Kunde | C36: In Fusszeile des Ausdrucks Versionnummer aktualisiert
A37: Freigabe | B37: Anleitung | C37: Versionnummer aktualisiert
A38: 42555 | B38: Analyse | C38: Gewicht von Kapitel 9.3. physische Belastungen von 3 auf 0 geändert
B39: Analyse | C39: 9.10. Summierung der eigenen Punkte: Formel auf richtige Spalte korrigiert
B40: Analyse | C40: 4.8. Bewertung für Stichproben eingeführt
B41: Analyse | C41: 4.1.3 Gewicht für Booklet von 5 auf 3 reduziert
B42: Diagramme | C42: Rahmenlinie entfernt
A43: Version 08 | B43: Selbstbeurteilung Kunde | C43: In Fusszeile des Ausdrucks Versionnummer aktualisiert
A44: Freigabe | B44: Anleitung | C44: Versionnummer aktualisiert
A45: 42499 | B45: Analyse | C45: Berechnung der PunkteN und O in Zeile 144 für Kapitel 3 bis Zelle 239 korrigiert
A47: Version 07 | B47: Selbstbeurteilung Kunde | C47: In Fusszeile des Ausdrucks Versionnummer aktualisiert
A48: Freigabe | B48: Anleitung | C48: Versionnummer aktualisiert
A49: 42492 | B49: Betriebsspiegel | C49: Fehler in der Nummerierung korrigiert
B50: Analyse | C50: Verdeckte Spalten gelöscht
B51: Analyse | C51: Druckbereich festgelegt
B52: Tabelle 1 | C52: wieder entfernt
A54: Version 06 | B54: Selbstbeurteilung Kunde | C54: In Fusszeile des Ausdrucks Versionnummer aktualisiert
A55: Freigabe | B55: Anleitung | C55: Versionnummer aktualisiert
A56: 42458 | B56: Anleitung | C56: "ist" in Punkt 3 gelöscht.
B57: Schlüsselpersonen Sicherheit | C57: Sicherheitsorganisation: "extern" bei ASA-Spezialisten ergänzt
B58: Betriebsspiegel | C58: Zeile "18. Nettoprämiensatz …" gelöscht
A60: Version 05 | B60: Selbstbeurteilung Kunde | C60: In Fusszeile des Ausdrucks Versionnummer aktualisiert
A61: Freigabe | B61: Anleitung | C61: Versionnummer aktualisiert
A62: 42437 | B62: Analyse | C62: Berechnungen der Unterkapitelbewertungen für die verschiedenen Stufen in den Kapiteln 1 und 2 korrigiert
B63: Analyse | C63: Berechnung der Unterkapitelbewertungen an verschiedenen Orten in den Kapitel 3-11 korrigiert
B64: Analyse | C64: Bezug im Kapitel 10.3.2. korrigiert
B65: Analyse | C65: Feldfarbe für ja bei 10.3.1. auch auf grau gesetzt
A67: Version 04 | B67: Anleitung | C67: Punkt 5 " Beantworten …." : Text korrigiert
B68: Spinne ohne FZ, BGM, OHSAS | C68: Kundenname in Legende integriert. Quelle für Legendentitel ist aus Auswertungen C3
A69: Freigabe | B69: Spinne mit FZ, BGM, OHSAS | C69: Kundenname in Legende integriert. Quelle für Legendentitel ist aus Auswertungen C3
A70: 42401 | B70: Auswertungen | C70: Quelle des Kundenamen für Titel in C3 ist Firmenname im Betriebsspiegel.
B71: Versionenprotokoll | C71: neu erstellt
B72: Selbstbeurteilung Kunde | C72: In Fusszeile des Ausdrucks Versionnummer aktualisiert
B73: Anleitung | C73: Versionnummer ergänzt und aktualisiert
A75: Version 03 | C75: Kapitel Freizeitsicherheit ergänzt
A76: Freigabe | C76: Kapitel BGM ergänzt
A77: 42352 | C77: Verschiedene Fehler gemäss vbr korrigiert
